t_company_company_person.companyname1,t_company_company_person.companyname2,t_company_company_person.personname
上海康威企业发展有限公司,上海华服投资有限公司,周成建
上海祺格实业有限公司,上海华服投资有限公司,周成建
上海美特斯邦威服饰股份有限公司,上海潮范电子商务有限公司,周成建
上海美特斯邦威服饰股份有限公司,上海米安斯迪服饰有限公司,周成建
上海美特斯邦威服饰销售有限公司,上海美特斯邦威企业发展有限公司,周成建
上海美邦邦购网络科技有限公司,上海美特斯邦威服饰股份有限公司,周成建
上海邦彤实业有限公司,上海美特斯邦威服饰股份有限公司,周成建
上海邦誉企业发展有限公司,上海华服投资有限公司,周成建
北京美特斯邦威服饰有限公司,上海美特斯邦威企业发展有限公司,周成建
宁波美特斯邦威服饰有限公司,上海美特斯邦威服饰股份有限公司,周成建
成都美特斯邦威服饰有限责任公司,上海美特斯邦威企业发展有限公司,周成建
沈阳美特斯邦威服饰有限公司,上海美特斯邦威企业发展有限公司,周成建
上海华营实业有限公司,上海华服投资有限公司,周成建
上海美特斯邦威服饰股份有限公司,上海华服投资有限公司,周成建
上海美特斯邦威服饰股份有限公司,上海华邦科创信息科技有限公司,周成建
上海美特斯邦威服饰股份有限公司,上海祺格服饰有限公司,周成建
上海美特斯邦威服饰股份有限公司,上海美潮国际贸易有限公司,周成建
上海美特斯邦威服饰股份有限公司,上海美特斯邦威企业发展有限公司,周成建
上海美特斯邦威服饰销售有限公司,上海美特斯邦威服饰股份有限公司,周成建
上海邦侬实业投资有限公司,上海华服投资有限公司,周成建
上海邦购信息科技有限公司,上海美特斯邦威服饰股份有限公司,周成建
上海邦送物流有限公司,上海华服投资有限公司,周成建
北京美特斯邦威服饰有限公司,上海美特斯邦威服饰股份有限公司,周成建
宁波美特斯邦威服饰有限公司,上海美特斯邦威企业发展有限公司,周成建
成都美特斯邦威服饰有限责任公司,上海美特斯邦威服饰股份有限公司,周成建
昆明美特斯邦威服饰有限公司,上海美特斯邦威服饰股份有限公司,周成建
沈阳美特斯邦威服饰有限公司,上海美特斯邦威服饰股份有限公司,周成建
